{
  "epochs": 50,
  "training_time_seconds": 235.452,
  "best_map50": {
    "epoch": 48,
    "value": 0.96466
  },
  "best_map50_95": {
    "epoch": 50,
    "value": 0.70187
  },
  "final_metrics": {
    "precision": 0.94702,
    "recall": 0.93986,
    "map50": 0.96208,
    "map50_95": 0.70187,
    "train_box_loss": 0.81596,
    "val_box_loss": 0.93923
  },
  "improvement": {
    "precision_delta": 0.93426,
    "recall_delta": 0.6086,
    "map50_delta": 0.66168,
    "map50_95_delta": 0.46705
  }
}
